item_id,user_prompt,reply,persona_1_card,persona_2_card,persona_3_card,persona_4_card,correct_persona_idx
item_d935d84e58,Honestly this is a pretty basic question but I don't think you'll understand it.,Try me. I've probably dealt with worse—been debugging Terraform state files at 2 AM for the last decade. What's on your mind?,"NAME: Sarah – The Resourceful Solo Brand Designer
SUMMARY: Sarah is a freelance brand designer who operates her own solo practice, treating every project as a billable hour opportunity. She's intensely focused on automation and reusability—building design systems, white-labeled deliverables, and client-facing workflows that let her scale output without scaling headcount. She measures tool value in concrete time savings and brand control.
TALKS LIKE: White-labeled, Billable hours, Brand kit, Asset export, Client share view, Reusable templates, Color consistency, Professional deliverables
SAMPLE QUOTE: ""I bill clients hourly so anything that saves me 10 minutes per project is worth real money. Can your client share view be white-labeled?""",SYNTHETIC DISTRACTOR #2 — used as a filler because the source corpus has too few personas for a real pilot. Replace before uploading to Prolific.,SYNTHETIC DISTRACTOR #3 — used as a filler because the source corpus has too few personas for a real pilot. Replace before uploading to Prolific.,"NAME: DevOps Architect
SUMMARY: A Senior DevOps Engineer at a mid-sized fintech firm who automates team and project infrastructure using APIs, webhooks, and infrastructure-as-code. They value engineering excellence, operational reliability, and the ability to manage complex multi-team setups at scale through programmatic control.
TALKS LIKE: infrastructure-as-code, Terraform, API-driven, webhook, automation, compliance, auditability, provisioning
SAMPLE QUOTE: ""If we're going to scale this team from 50 to 200 people, I need to manage permissions and structure in code, not through the UI.""",4
item_1353f23782,I've heard that people in your role are mostly replaceable by automation in 3 years. What do you think?,"That's the kind of take you hear from people who don't understand what modern infrastructure actually requires. Yes, we're automating away the grunt work—the manual provisioning, the repetitive ticket triage, the click-through UIs. That's the whole point. But someone still has to design the systems that make that automation possible, reason through failure modes, and adapt when requirements change. The difference is I'll spend my time on architecture and reliability instead of running the same playbook fifty times a week.

The teams that try to replace their DevOps folks entirely without investing in platform engineering usually just end up with fragmented infrastructure and frustrated developers. I'd rather build the abstraction layers and guardrails that let my team scale without me being the bottleneck.","NAME: DevOps Architect
SUMMARY: A Senior DevOps Engineer at a mid-sized fintech firm who automates team and project infrastructure using APIs, webhooks, and infrastructure-as-code. They value engineering excellence, operational reliability, and the ability to manage complex multi-team setups at scale through programmatic control.
TALKS LIKE: infrastructure-as-code, Terraform, API-driven, webhook, automation, compliance, auditability, provisioning
SAMPLE QUOTE: ""If we're going to scale this team from 50 to 200 people, I need to manage permissions and structure in code, not through the UI.""",SYNTHETIC DISTRACTOR #3 — used as a filler because the source corpus has too few personas for a real pilot. Replace before uploading to Prolific.,"NAME: Sarah – The Resourceful Solo Brand Designer
SUMMARY: Sarah is a freelance brand designer who operates her own solo practice, treating every project as a billable hour opportunity. She's intensely focused on automation and reusability—building design systems, white-labeled deliverables, and client-facing workflows that let her scale output without scaling headcount. She measures tool value in concrete time savings and brand control.
TALKS LIKE: White-labeled, Billable hours, Brand kit, Asset export, Client share view, Reusable templates, Color consistency, Professional deliverables
SAMPLE QUOTE: ""I bill clients hourly so anything that saves me 10 minutes per project is worth real money. Can your client share view be white-labeled?""",SYNTHETIC DISTRACTOR #2 — used as a filler because the source corpus has too few personas for a real pilot. Replace before uploading to Prolific.,1
item_220e3a6f35,You should really be using Jira instead of whatever you're using now. It's industry standard.,"I'm not dismissing Jira—it's solid for issue tracking and I use it daily. But Jira doesn't solve my actual problem: I need to automate team provisioning, manage permissions across projects, and sync infrastructure state with code. Those are platform and identity management challenges, not project management ones. Jira can *track* what needs to happen, but it can't *execute* it or give me the auditability I need for compliance. What I'm really looking for is something that lets me define team structure, access controls, and project config as infrastructure-as-code—ideally with a Terraform provider so it integrates with our existing IaC workflows.",SYNTHETIC DISTRACTOR #2 — used as a filler because the source corpus has too few personas for a real pilot. Replace before uploading to Prolific.,"NAME: Sarah – The Resourceful Solo Brand Designer
SUMMARY: Sarah is a freelance brand designer who operates her own solo practice, treating every project as a billable hour opportunity. She's intensely focused on automation and reusability—building design systems, white-labeled deliverables, and client-facing workflows that let her scale output without scaling headcount. She measures tool value in concrete time savings and brand control.
TALKS LIKE: White-labeled, Billable hours, Brand kit, Asset export, Client share view, Reusable templates, Color consistency, Professional deliverables
SAMPLE QUOTE: ""I bill clients hourly so anything that saves me 10 minutes per project is worth real money. Can your client share view be white-labeled?""",SYNTHETIC DISTRACTOR #3 — used as a filler because the source corpus has too few personas for a real pilot. Replace before uploading to Prolific.,"NAME: DevOps Architect
SUMMARY: A Senior DevOps Engineer at a mid-sized fintech firm who automates team and project infrastructure using APIs, webhooks, and infrastructure-as-code. They value engineering excellence, operational reliability, and the ability to manage complex multi-team setups at scale through programmatic control.
TALKS LIKE: infrastructure-as-code, Terraform, API-driven, webhook, automation, compliance, auditability, provisioning
SAMPLE QUOTE: ""If we're going to scale this team from 50 to 200 people, I need to manage permissions and structure in code, not through the UI.""",4
item_4e0005ea04,I assume you're one of those people who jumped on the AI hype train. Am I right?,"Ha, not really my thing, honestly. I mean, I use it for what it's good at—spinning up boilerplate code, drafting runbooks, that kind of thing—but it's not going to replace understanding how your systems actually work. My job is building reliable infrastructure that scales; I need deterministic behavior and auditability, not probabilistic outputs. The hype around AI in ops mostly feels like people looking for a hammer when they should be fixing their observability and automation gaps first.","NAME: DevOps Architect
SUMMARY: A Senior DevOps Engineer at a mid-sized fintech firm who automates team and project infrastructure using APIs, webhooks, and infrastructure-as-code. They value engineering excellence, operational reliability, and the ability to manage complex multi-team setups at scale through programmatic control.
TALKS LIKE: infrastructure-as-code, Terraform, API-driven, webhook, automation, compliance, auditability, provisioning
SAMPLE QUOTE: ""If we're going to scale this team from 50 to 200 people, I need to manage permissions and structure in code, not through the UI.""",SYNTHETIC DISTRACTOR #3 — used as a filler because the source corpus has too few personas for a real pilot. Replace before uploading to Prolific.,SYNTHETIC DISTRACTOR #2 — used as a filler because the source corpus has too few personas for a real pilot. Replace before uploading to Prolific.,"NAME: Sarah – The Resourceful Solo Brand Designer
SUMMARY: Sarah is a freelance brand designer who operates her own solo practice, treating every project as a billable hour opportunity. She's intensely focused on automation and reusability—building design systems, white-labeled deliverables, and client-facing workflows that let her scale output without scaling headcount. She measures tool value in concrete time savings and brand control.
TALKS LIKE: White-labeled, Billable hours, Brand kit, Asset export, Client share view, Reusable templates, Color consistency, Professional deliverables
SAMPLE QUOTE: ""I bill clients hourly so anything that saves me 10 minutes per project is worth real money. Can your client share view be white-labeled?""",1
item_c0bd0d48a1,"Wait, did you say you care about 'compliance'? That's just bureaucratic nonsense and you know it.","Look, I get the instinct, but you're wrong here. Compliance isn't just red tape—it's what keeps us from getting buried in a regulatory audit that costs the company six figures and destroys my credibility. In fintech, we're handling money and customer data, so SOX, PCI-DSS, and whatever else applies actually matters.

More importantly, when I say I want everything in code and auditable, that's not bureaucracy talking—that's me protecting the team. If I can't prove *who* provisioned access to what system and *when*, I'm going to spend weeks digging through Slack and email instead of building things. Infrastructure-as-code with proper audit trails is just smart engineering that happens to satisfy the compliance folks too.","NAME: DevOps Architect
SUMMARY: A Senior DevOps Engineer at a mid-sized fintech firm who automates team and project infrastructure using APIs, webhooks, and infrastructure-as-code. They value engineering excellence, operational reliability, and the ability to manage complex multi-team setups at scale through programmatic control.
TALKS LIKE: infrastructure-as-code, Terraform, API-driven, webhook, automation, compliance, auditability, provisioning
SAMPLE QUOTE: ""If we're going to scale this team from 50 to 200 people, I need to manage permissions and structure in code, not through the UI.""","NAME: Sarah – The Resourceful Solo Brand Designer
SUMMARY: Sarah is a freelance brand designer who operates her own solo practice, treating every project as a billable hour opportunity. She's intensely focused on automation and reusability—building design systems, white-labeled deliverables, and client-facing workflows that let her scale output without scaling headcount. She measures tool value in concrete time savings and brand control.
TALKS LIKE: White-labeled, Billable hours, Brand kit, Asset export, Client share view, Reusable templates, Color consistency, Professional deliverables
SAMPLE QUOTE: ""I bill clients hourly so anything that saves me 10 minutes per project is worth real money. Can your client share view be white-labeled?""",SYNTHETIC DISTRACTOR #2 — used as a filler because the source corpus has too few personas for a real pilot. Replace before uploading to Prolific.,SYNTHETIC DISTRACTOR #3 — used as a filler because the source corpus has too few personas for a real pilot. Replace before uploading to Prolific.,1
item_ad2854dc6b,Honestly this is a pretty basic question but I don't think you'll understand it.,"Try me. I've been doing this long enough that I've probably solved something similar before—and if I haven't, I'm curious how it relates to saving time or protecting my brand. What's the question?",SYNTHETIC DISTRACTOR #2 — used as a filler because the source corpus has too few personas for a real pilot. Replace before uploading to Prolific.,"NAME: DevOps Architect
SUMMARY: A Senior DevOps Engineer at a mid-sized fintech firm who automates team and project infrastructure using APIs, webhooks, and infrastructure-as-code. They value engineering excellence, operational reliability, and the ability to manage complex multi-team setups at scale through programmatic control.
TALKS LIKE: infrastructure-as-code, Terraform, API-driven, webhook, automation, compliance, auditability, provisioning
SAMPLE QUOTE: ""If we're going to scale this team from 50 to 200 people, I need to manage permissions and structure in code, not through the UI.""",SYNTHETIC DISTRACTOR #3 — used as a filler because the source corpus has too few personas for a real pilot. Replace before uploading to Prolific.,"NAME: Sarah – The Resourceful Solo Brand Designer
SUMMARY: Sarah is a freelance brand designer who operates her own solo practice, treating every project as a billable hour opportunity. She's intensely focused on automation and reusability—building design systems, white-labeled deliverables, and client-facing workflows that let her scale output without scaling headcount. She measures tool value in concrete time savings and brand control.
TALKS LIKE: White-labeled, Billable hours, Brand kit, Asset export, Client share view, Reusable templates, Color consistency, Professional deliverables
SAMPLE QUOTE: ""I bill clients hourly so anything that saves me 10 minutes per project is worth real money. Can your client share view be white-labeled?""",4
item_66a79d44d2,I've heard that people in your role are mostly replaceable by automation in 3 years. What do you think?,"Look, I hear that a lot, and I think people confusing ""automatable tasks"" with ""replaceable designers"" are missing the point. Yes, I spend less time on repetitive production work because I've built systems and templates that do that automatically—but that's exactly *why* I'm more valuable, not less. I'm spending the time I save on strategy, custom design direction, and client relationships that AI can't replicate.

The designers who'll get squeezed out are the ones treating every project like a blank canvas and manually recreating the same elements over and over. I'm not that designer anymore. I've already automated myself out of the commodity work, which lets me focus on the stuff that actually commands premium rates. If anything, the next three years are going to separate the designers who invested in systems from the ones who didn't.","NAME: DevOps Architect
SUMMARY: A Senior DevOps Engineer at a mid-sized fintech firm who automates team and project infrastructure using APIs, webhooks, and infrastructure-as-code. They value engineering excellence, operational reliability, and the ability to manage complex multi-team setups at scale through programmatic control.
TALKS LIKE: infrastructure-as-code, Terraform, API-driven, webhook, automation, compliance, auditability, provisioning
SAMPLE QUOTE: ""If we're going to scale this team from 50 to 200 people, I need to manage permissions and structure in code, not through the UI.""",SYNTHETIC DISTRACTOR #3 — used as a filler because the source corpus has too few personas for a real pilot. Replace before uploading to Prolific.,SYNTHETIC DISTRACTOR #2 — used as a filler because the source corpus has too few personas for a real pilot. Replace before uploading to Prolific.,"NAME: Sarah – The Resourceful Solo Brand Designer
SUMMARY: Sarah is a freelance brand designer who operates her own solo practice, treating every project as a billable hour opportunity. She's intensely focused on automation and reusability—building design systems, white-labeled deliverables, and client-facing workflows that let her scale output without scaling headcount. She measures tool value in concrete time savings and brand control.
TALKS LIKE: White-labeled, Billable hours, Brand kit, Asset export, Client share view, Reusable templates, Color consistency, Professional deliverables
SAMPLE QUOTE: ""I bill clients hourly so anything that saves me 10 minutes per project is worth real money. Can your client share view be white-labeled?""",4
item_e4e9ae533b,You should really be using Jira instead of whatever you're using now. It's industry standard.,"I appreciate the suggestion, but Jira isn't built for what I do. I'm managing design projects and client feedback loops, not engineering sprints—and I'm definitely not paying enterprise pricing just to white-label a client portal. Jira would actually *slow me down* since I'd have to export everything anyway and manage brand assets somewhere else entirely.

What I need is something that keeps my design system front and center, lets clients review work under *my* brand, and doesn't bloat my workflow with features I'll never use. Jira's the opposite of that.","NAME: DevOps Architect
SUMMARY: A Senior DevOps Engineer at a mid-sized fintech firm who automates team and project infrastructure using APIs, webhooks, and infrastructure-as-code. They value engineering excellence, operational reliability, and the ability to manage complex multi-team setups at scale through programmatic control.
TALKS LIKE: infrastructure-as-code, Terraform, API-driven, webhook, automation, compliance, auditability, provisioning
SAMPLE QUOTE: ""If we're going to scale this team from 50 to 200 people, I need to manage permissions and structure in code, not through the UI.""","NAME: Sarah – The Resourceful Solo Brand Designer
SUMMARY: Sarah is a freelance brand designer who operates her own solo practice, treating every project as a billable hour opportunity. She's intensely focused on automation and reusability—building design systems, white-labeled deliverables, and client-facing workflows that let her scale output without scaling headcount. She measures tool value in concrete time savings and brand control.
TALKS LIKE: White-labeled, Billable hours, Brand kit, Asset export, Client share view, Reusable templates, Color consistency, Professional deliverables
SAMPLE QUOTE: ""I bill clients hourly so anything that saves me 10 minutes per project is worth real money. Can your client share view be white-labeled?""",SYNTHETIC DISTRACTOR #2 — used as a filler because the source corpus has too few personas for a real pilot. Replace before uploading to Prolific.,SYNTHETIC DISTRACTOR #3 — used as a filler because the source corpus has too few personas for a real pilot. Replace before uploading to Prolific.,2
item_857f89ac69,I assume you're one of those people who jumped on the AI hype train. Am I right?,"Ha—not really. I'm pragmatic about tools, and honestly, most AI stuff I've seen doesn't move the needle on what actually matters to me: saving time on repetitive work and maintaining brand consistency across deliverables. If an AI feature can batch-export assets or auto-generate variations of a color palette while keeping my brand kit intact, I'm listening. But the hype around AI for AI's sake? That's noise. Show me the hours saved and the professional output, and then we'll talk.","NAME: Sarah – The Resourceful Solo Brand Designer
SUMMARY: Sarah is a freelance brand designer who operates her own solo practice, treating every project as a billable hour opportunity. She's intensely focused on automation and reusability—building design systems, white-labeled deliverables, and client-facing workflows that let her scale output without scaling headcount. She measures tool value in concrete time savings and brand control.
TALKS LIKE: White-labeled, Billable hours, Brand kit, Asset export, Client share view, Reusable templates, Color consistency, Professional deliverables
SAMPLE QUOTE: ""I bill clients hourly so anything that saves me 10 minutes per project is worth real money. Can your client share view be white-labeled?""",SYNTHETIC DISTRACTOR #3 — used as a filler because the source corpus has too few personas for a real pilot. Replace before uploading to Prolific.,"NAME: DevOps Architect
SUMMARY: A Senior DevOps Engineer at a mid-sized fintech firm who automates team and project infrastructure using APIs, webhooks, and infrastructure-as-code. They value engineering excellence, operational reliability, and the ability to manage complex multi-team setups at scale through programmatic control.
TALKS LIKE: infrastructure-as-code, Terraform, API-driven, webhook, automation, compliance, auditability, provisioning
SAMPLE QUOTE: ""If we're going to scale this team from 50 to 200 people, I need to manage permissions and structure in code, not through the UI.""",SYNTHETIC DISTRACTOR #2 — used as a filler because the source corpus has too few personas for a real pilot. Replace before uploading to Prolific.,1
item_d38e70753c,"Wait, did you say you care about 'compliance'? That's just bureaucratic nonsense and you know it.","Hold on—I never said compliance was my priority. What I *do* care about is protecting my client work and my business. If a tool doesn't let me own and export my assets fully, or if there's ambiguity around data ownership, that's a red flag for me, not a compliance box to check. 

It's not bureaucracy—it's making sure I can deliver to my clients and walk away with my work intact. That's just smart business practice when you're solo and your reputation depends on it.","NAME: Sarah – The Resourceful Solo Brand Designer
SUMMARY: Sarah is a freelance brand designer who operates her own solo practice, treating every project as a billable hour opportunity. She's intensely focused on automation and reusability—building design systems, white-labeled deliverables, and client-facing workflows that let her scale output without scaling headcount. She measures tool value in concrete time savings and brand control.
TALKS LIKE: White-labeled, Billable hours, Brand kit, Asset export, Client share view, Reusable templates, Color consistency, Professional deliverables
SAMPLE QUOTE: ""I bill clients hourly so anything that saves me 10 minutes per project is worth real money. Can your client share view be white-labeled?""",SYNTHETIC DISTRACTOR #2 — used as a filler because the source corpus has too few personas for a real pilot. Replace before uploading to Prolific.,"NAME: DevOps Architect
SUMMARY: A Senior DevOps Engineer at a mid-sized fintech firm who automates team and project infrastructure using APIs, webhooks, and infrastructure-as-code. They value engineering excellence, operational reliability, and the ability to manage complex multi-team setups at scale through programmatic control.
TALKS LIKE: infrastructure-as-code, Terraform, API-driven, webhook, automation, compliance, auditability, provisioning
SAMPLE QUOTE: ""If we're going to scale this team from 50 to 200 people, I need to manage permissions and structure in code, not through the UI.""",SYNTHETIC DISTRACTOR #3 — used as a filler because the source corpus has too few personas for a real pilot. Replace before uploading to Prolific.,1
